<?xml version="1.0" encoding="UTF-8"?>
<project-private xmlns="http://www.netbeans.org/ns/project-private/1">
    <editor-bookmarks xmlns="http://www.netbeans.org/ns/editor-bookmarks/2" lastBookmarkId="1">
        <file>
            <url>index.html</url>
            <bookmark id="1">
                <name/>
                <line>49</line>
                <key/>
            </bookmark>
        </file>
    </editor-bookmarks>
    <open-files xmlns="http://www.netbeans.org/ns/projectui-open-files/2">
        <group>
            <file>file:/D:/xampp/htdocs/New_HA/index.php</file>
            <file>file:/D:/xampp/htdocs/New_HA/database_controller.php</file>
            <file>file:/D:/xampp/htdocs/New_HA/home_automation_db.sql</file>
            <file>file:/D:/xampp/htdocs/New_HA/sendemail.php</file>
            <file>file:/D:/xampp/htdocs/New_HA/home.php</file>
            <file>file:/D:/xampp/htdocs/New_HA/database_con.php</file>
            <file>file:/D:/xampp/htdocs/New_HA/login-user.php</file>
            <file>file:/D:/xampp/htdocs/New_HA/style.css</file>
            <file>file:/D:/xampp/htdocs/New_HA/signup-user.php</file>
            <file>file:/D:/xampp/htdocs/New_HA/app.js</file>
        </group>
    </open-files>
</project-private>
